10,Testabc,majkdhs,aascdasd
11,Testabcd,majkdhs,aascdasd
12,Testabcde,majkdhs,aascdasd
13,Testabc,majkdhs,aascdasd
14,Testabcd,majkdhs,aascdasd
15,Testabcde,majkdhs,aascdasd
16,Testabc,majkdhs,aascdasd
17,Testabcd,majkdhs,aascdasd
18,Testabcde,majkdhs,aascdasd
19,Testabc,majkdhs,aascdasd
20,Testabcd,majkdhs,aascdasd
21,Testabcde,majkdhs,aascdasd
22,Testabc,majkdhs,aascdasd
23,Testabcd,majkdhs,aascdasd
24,Testabcde,majkdhs,aascdasd
25,Testabc,majkdhs,aascdasd
26,Testabcd,majkdhs,aascdasd
27,Testabcde,majkdhs,aascdasd
28,Testabc,majkdhs,aascdasd
29,Testabcd,majkdhs,aascdasd
30,Testabcde,majkdhs,aascdasd
31,Testabc,majkdhs,aascdasd
32,Testabcd,majkdhs,aascdasd
33,Testabcde,majkdhs,aascdasd
34,Testabc,majkdhs,aascdasd
35,Testabcd,majkdhs,aascdasd
36,Testabcde,majkdhs,aascdasd
37,Testabc,majkdhs,aascdasd
38,Testabcd,majkdhs,aascdasd
39,Testabcde,majkdhs,aascdasd
40,Testabc,majkdhs,aascdasd
41,Testabc,majkdhs,aascdasd
42,Testabc,majkdhs,aascdasd
43,Testabc,majkdhs,aascdasd
44,Testabc,majkdhs,aascdasd
45,Testabc,majkdhs,aascdasd
46,Testabc,majkdhs,aascdasd
47,Testabc,majkdhs,aascdasd
48,Testabc,majkdhs,aascdasd
49,Testabc,majkdhs,aascdasd
50,Testabc,majkdhs,aascdasd
51,Testabc,majkdhs,aascdasd
52,Testabc,majkdhs,aascdasd
53,Testabc,majkdhs,aascdasd
54,Testabc,majkdhs,aascdasd
55,Testabc,majkdhs,aascdasd
56,Testabc,majkdhs,aascdasd
57,Testabc,majkdhs,aascdasd
58,Testabc,majkdhs,aascdasd
59,Testabc,majkdhs,aascdasd
60,Testabc,majkdhs,aascdasd
61,Testabc,majkdhs,aascdasd
62,Testabc,majkdhs,aascdasd
63,Testabc,majkdhs,aascdasd
64,Testabc,majkdhs,aascdasd
65,Testabc,majkdhs,aascdasd
66,Testabc,majkdhs,aascdasd
67,Testabc,majkdhs,aascdasd
68,Testabc,majkdhs,aascdasd
69,Testabc,majkdhs,aascdasd
70,Testabc,majkdhs,aascdasd
71,Testabc,majkdhs,aascdasd
72,Testabc,majkdhs,aascdasd
73,Testabc,majkdhs,aascdasd
74,Testabc,majkdhs,aascdasd
75,Testabc,majkdhs,aascdasd
76,Testabc,majkdhs,aascdasd
77,Testabc,majkdhs,aascdasd
78,Testabc,majkdhs,aascdasd
79,Testabc,majkdhs,aascdasd
80,Testabc,majkdhs,aascdasd
81,Testabc,majkdhs,aascdasd
82,Testabc,majkdhs,aascdasd
